Submission id,Participant id,Status,Custom study tncs accepted at,Started at,Completed at,Reviewed at,Archived at,Time taken,Completion code,Total approvals,Age,Sex,Ethnicity simplified,Country of birth,Country of residence,Nationality,Language,Student status,Employment status
667e7a3676129253d16ca3fd,5f5bcd84009333376363c9aa,APPROVED,Not Applicable,2024-06-28T08:59:02.946000Z,2024-06-28T09:42:52.901000Z,2024-07-09T20:07:34.543000Z,2024-06-28T09:42:53.618981Z,2630.0,CLA1QC0Z,4088,45,Female,White,United States,United States,United States,English,DATA_EXPIRED,Full-Time
667e7a4d708180d342fd43b6,59ecda775de9b000017ed6a7,APPROVED,Not Applicable,2024-06-28T08:54:39.986000Z,2024-06-28T09:29:53.026000Z,2024-07-09T20:07:35.346000Z,2024-06-28T09:29:53.869024Z,2114.0,CLA1QC0Z,300,38,Female,White,United Kingdom,United Kingdom,United Kingdom,English,Yes,Full-Time
667e7a544fb16d67fbb36358,6676acff55f3906c7c1b7cde,APPROVED,Not Applicable,2024-06-28T08:54:57.159000Z,2024-06-28T09:23:10.099000Z,2024-07-09T20:12:35.341000Z,2024-06-28T09:24:55.541057Z,1693.0,CLA1QC0Z,1,22,Male,Mixed,Ghana,United States,United States,English,DATA_EXPIRED,Part-Time
667e7a6597f3a37673ce1a2b,666d94293e6750c227c3169e,APPROVED,Not Applicable,2024-06-28T08:55:20.621000Z,2024-06-28T09:20:27.632000Z,2024-07-09T20:12:36.177000Z,2024-06-28T09:20:28.491433Z,1508.0,CLA1QC0Z,2,34,Male,Black,Nigeria,United Kingdom,Nigeria,English,DATA_EXPIRED,Part-Time
667e7aa098b67bc77b1d9586,5b8bd52abca3400001fadce4,APPROVED,Not Applicable,2024-06-28T08:57:41.964000Z,2024-06-28T09:18:01.083000Z,2024-07-09T20:12:36.766000Z,2024-06-28T09:18:02.411164Z,1220.0,CLA1QC0Z,240,23,Male,White,United Kingdom,United Kingdom,United Kingdom,English,Yes,Part-Time
667e7fcf9cf58f836c961887,602dbbe562da6288a7e820f4,APPROVED,Not Applicable,2024-06-28T09:18:13.415000Z,2024-06-28T09:48:35.837000Z,2024-07-09T20:07:35.888000Z,2024-06-28T09:48:36.669935Z,1823.0,CLA1QC0Z,15,47,Female,White,United Kingdom,United Kingdom,United Kingdom,English,No,DATA_EXPIRED
667e806400dbfe368362c4a8,65a6b5c82301c6acf30be0f7,APPROVED,Not Applicable,2024-06-28T09:23:09.391000Z,2024-06-28T10:36:15.273000Z,2024-07-09T20:07:36.496000Z,2024-06-28T10:36:16.139375Z,4386.0,CLA1QC0Z,74,32,Female,Black,Nigeria,United Kingdom,Nigeria,English,Yes,Part-Time
667e80ff4c94f9e75b2ddc47,667d73c6c567edc939cbfe30,APPROVED,Not Applicable,2024-06-28T09:23:24.423000Z,2024-06-28T10:50:24.169000Z,2024-07-09T20:12:37.392000Z,2024-06-28T10:50:24.905806Z,5220.0,CLA1QC0Z,5,21,Male,Mixed,Ghana,United States,United States,English,Yes,DATA_EXPIRED
667e82989e43c834ab9c760f,5c7e33aa19b8d40017e6dd80,RETURNED,Not Applicable,2024-06-28T09:40:00.938000Z,,,2024-07-01T13:12:13.130710Z,,,2311,CONSENT_REVOKED,CONSENT_REVOKED,CONSENT_REVOKED,CONSENT_REVOKED,CONSENT_REVOKED,CONSENT_REVOKED,CONSENT_REVOKED,CONSENT_REVOKED,CONSENT_REVOKED
667e82b2766f6dbaf9425750,665afff0a7acb565414e9edf,APPROVED,Not Applicable,2024-06-28T09:30:33.481000Z,2024-06-28T10:04:38.337000Z,2024-07-09T20:12:38.044000Z,2024-06-28T10:07:28.230714Z,2045.0,CLA1QC0Z,48,34,Male,White,United Kingdom,United Kingdom,United Kingdom,English,No,Full-Time
667e85a3dd8196d53dd5aacc,663ba5be68b9831a7ee50cfc,APPROVED,Not Applicable,2024-06-28T09:43:02.968000Z,2024-06-28T10:04:17.256000Z,2024-07-09T20:07:37.175000Z,2024-06-28T10:07:26.570744Z,1275.0,CLA1QC0Z,30,34,Female,White,United Kingdom,United Kingdom,United Kingdom,English,No,"Not in paid work (e.g. homemaker', 'retired or disabled)"
667e86f5634cec5f8bdd866d,66716d5ce729a5bcc3b59bdf,APPROVED,Not Applicable,2024-06-28T09:48:37.241000Z,2024-06-28T10:34:48.984000Z,2024-07-09T20:12:38.626000Z,2024-06-28T10:34:49.798751Z,2772.0,CLA1QC0Z,13,21,Male,Black,Nigeria,United Kingdom,DATA_EXPIRED,English,Yes,Part-Time
667e8aa68b6154ceef98cf3b,66757a07808839acebc742cd,APPROVED,Not Applicable,2024-06-28T10:04:40.439000Z,2024-06-28T10:32:16.917000Z,2024-07-09T20:07:37.810000Z,2024-06-28T10:32:17.623665Z,1657.0,CLA1QC0Z,19,19,Female,Asian,United Kingdom,United Kingdom,United Kingdom,English,Yes,Part-Time
667e8ab641fb6a2df3a3adbd,6658b127edc17d58d47abb15,APPROVED,Not Applicable,2024-06-28T10:04:43.038000Z,2024-06-28T10:20:45.680000Z,2024-07-09T20:07:38.450000Z,2024-06-28T10:20:47.057513Z,963.0,CLA1QC0Z,70,42,Female,White,United Kingdom,United Kingdom,Ireland,English,No,Full-Time
667e8e80bfbe1dd53158b726,65943d7b926cec83ea750b05,APPROVED,Not Applicable,2024-06-28T10:20:48.690000Z,2024-06-28T11:17:50.315000Z,2024-07-09T20:07:39.118000Z,2024-06-28T11:17:51.900621Z,3422.0,CLA1QC0Z,99,32,Female,Black,Nigeria,United Kingdom,Nigeria,English,No,Full-Time
667e91343042b7944504b0c5,62d2c9d825a0449c13aa42cc,RETURNED,Not Applicable,2024-06-28T10:42:20.054000Z,,,2024-07-01T13:12:13.132094Z,,,1009,CONSENT_REVOKED,CONSENT_REVOKED,CONSENT_REVOKED,CONSENT_REVOKED,CONSENT_REVOKED,CONSENT_REVOKED,CONSENT_REVOKED,CONSENT_REVOKED,CONSENT_REVOKED
667e914030742eade1be133f,667c7169620a6149c7ee3557,APPROVED,Not Applicable,2024-06-28T10:33:03.939000Z,2024-06-28T11:13:12.684000Z,2024-07-09T20:12:39.219000Z,2024-06-28T11:13:14.526153Z,2409.0,CLA1QC0Z,11,27,Male,Black,Nigeria,United Kingdom,Nigeria,English,Yes,Part-Time
667e91cabc12c5a7fab22709,651ac88823e71c05dbc1ff63,APPROVED,Not Applicable,2024-06-28T10:34:50.468000Z,2024-06-28T11:31:38.386000Z,2024-07-09T20:12:39.802000Z,2024-06-28T11:31:39.324731Z,3408.0,CLA1QC0Z,698,55,Male,White,United Kingdom,United Kingdom,United Kingdom,English,No,Full-Time
667e9220dd8196d53dd5ad66,6658b2453a0758f928c3d2b7,APPROVED,Not Applicable,2024-06-28T10:36:27.655000Z,2024-06-28T11:11:53.162000Z,2024-07-09T20:07:39.731000Z,2024-06-28T11:11:53.972953Z,2126.0,CLA1QC0Z,58,26,Female,Asian,United Kingdom,United Kingdom,United Kingdom,English,No,Full-Time
667e9570ac0e5c89f2d26015,5d3bfbebfd9694001a2d0f99,APPROVED,Not Applicable,2024-06-28T10:57:26.409000Z,2024-06-28T11:26:17.809000Z,2024-07-09T20:12:40.386000Z,2024-06-28T11:26:22.898457Z,1732.0,CLA1QC0Z,1180,36,Male,White,United Kingdom,United Kingdom,United Kingdom,English,No,Full-Time
667e9a7d984068c4ff7eb5cb,64401708880c30ec28b9aef4,APPROVED,Not Applicable,2024-06-28T11:11:57.070000Z,2024-06-28T11:34:13.058000Z,2024-07-09T20:12:40.940000Z,2024-06-28T11:34:14.038486Z,1336.0,CLA1QC0Z,408,26,Male,White,United Kingdom,United Kingdom,United Kingdom,English,No,Full-Time
667e9ac8783e8ce4b8fc091a,63cf80c4d375aee306c35b26,RETURNED,Not Applicable,2024-06-28T11:14:52.108000Z,,,2024-07-01T13:12:13.134401Z,,,725,CONSENT_REVOKED,CONSENT_REVOKED,CONSENT_REVOKED,CONSENT_REVOKED,CONSENT_REVOKED,CONSENT_REVOKED,CONSENT_REVOKED,CONSENT_REVOKED,CONSENT_REVOKED
667e9b7d866629f0bb487be6,6655eaccc1d8a40fca9da67e,APPROVED,Not Applicable,2024-06-28T11:17:28.755000Z,2024-06-28T12:14:41.578000Z,2024-07-09T20:12:41.554000Z,2024-06-28T12:14:43.918194Z,3433.0,CLA1QC0Z,63,46,Male,Black,Nigeria,United Kingdom,Nigeria,English,No,Part-Time
667e9bde3d2e7faffd6efd7d,667ac5004df7cc8799288f3d,APPROVED,Not Applicable,2024-06-28T11:17:50.355000Z,2024-06-28T12:22:26.038000Z,2024-07-09T20:12:42.137000Z,2024-06-28T12:22:26.875712Z,3876.0,CLA1QC0Z,9,32,Male,Black,Nigeria,United Kingdom,Nigeria,English,No,Part-Time
667e9dddf3014979d2804f9a,6100105892a2248ae5d48498,APPROVED,Not Applicable,2024-06-28T11:27:00.655000Z,2024-06-28T12:20:52.121000Z,2024-07-09T20:07:40.297000Z,2024-06-28T12:20:52.870581Z,3232.0,CLA1QC0Z,1120,28,Female,White,United States,United Kingdom,United States,English,No,"Not in paid work (e.g. homemaker', 'retired or disabled)"
667e9f1aa79cc7ea224cec65,667c3104334e564e3fe078db,APPROVED,Not Applicable,2024-06-28T11:31:38.462000Z,2024-06-28T12:23:49.165000Z,2024-07-09T20:12:43.192000Z,2024-06-28T12:23:49.927237Z,3131.0,CLA1QC0Z,16,23,Male,Black,Nigeria,United Kingdom,Nigeria,English,Yes,Part-Time
667e9fb512265d00b7216df0,5d1c9d39ff67e3000140ca87,APPROVED,Not Applicable,2024-06-28T11:34:13.541000Z,2024-06-28T12:15:35.074000Z,2024-07-09T20:12:43.864000Z,2024-06-28T12:15:36.384239Z,2482.0,CLA1QC0Z,2313,60,Male,White,United Kingdom,United Kingdom,United Kingdom,English,No,"Not in paid work (e.g. homemaker', 'retired or disabled)"
667ea9328be46fdeaa4848bb,62c5d0cfdf443d24e054d302,APPROVED,Not Applicable,2024-06-28T12:14:42.404000Z,2024-06-28T13:22:50.803000Z,2024-07-09T20:12:44.596000Z,2024-06-28T13:22:51.908292Z,4089.0,CLA1QC0Z,1667,31,Male,White,United Kingdom,United Kingdom,United Kingdom,English,No,Full-Time
667ea96c84e45a1664e9598c,665dd4ef9ba81d499d675de5,RETURNED,Not Applicable,2024-06-28T12:15:52.603000Z,,,2024-07-01T13:12:13.139471Z,,,31,CONSENT_REVOKED,CONSENT_REVOKED,CONSENT_REVOKED,CONSENT_REVOKED,CONSENT_REVOKED,CONSENT_REVOKED,CONSENT_REVOKED,CONSENT_REVOKED,CONSENT_REVOKED
667eaaa4f2c9472865da76d3,663b26a4f4d837deabb4f277,APPROVED,Not Applicable,2024-06-28T12:20:52.423000Z,2024-06-28T13:08:03.832000Z,2024-07-09T20:12:45.301000Z,2024-06-28T13:08:04.818579Z,2832.0,CLA1QC0Z,90,29,Male,Mixed,Nigeria,United Kingdom,Nigeria,English,No,Part-Time
667eab02247df9fadf6f6a1a,5f565a2b33c152071057bb04,APPROVED,Not Applicable,2024-06-28T12:22:26.048000Z,2024-06-28T13:08:29.723000Z,2024-07-09T20:13:06.850000Z,2024-06-28T13:08:30.613244Z,2764.0,CLA1QC0Z,449,34,Female,White,United Kingdom,United Kingdom,United Kingdom,English,No,Full-Time
667eab55b02e9bcfc2d9c044,6635418b3e290838e55debfa,APPROVED,Not Applicable,2024-06-28T12:24:12.742000Z,2024-06-28T13:47:00.743000Z,2024-07-09T20:13:07.565000Z,2024-06-28T14:38:12.711287Z,4969.0,NOCODE,196,23,Female,Mixed,Nigeria,United Kingdom,United Kingdom,English,No,Full-Time
667eb0d994ac3a7709e87add,664e337b865833e9f8b59991,APPROVED,Not Applicable,2024-06-28T12:47:32.879000Z,2024-06-28T13:14:45.400000Z,2024-07-09T20:13:08.309000Z,2024-06-28T13:14:47.683057Z,1633.0,CLA1QC0Z,101,32,Female,Mixed,Nigeria,United Kingdom,DATA_EXPIRED,English,No,Full-Time
667eb5b4e629a11cd0b61537,6229dc51dff340226697778e,APPROVED,Not Applicable,2024-06-28T13:09:42.074000Z,2024-06-28T14:00:14.906000Z,2024-07-09T20:12:45.950000Z,2024-06-28T14:00:16.352800Z,3033.0,CLA1QC0Z,1644,59,Male,White,United Kingdom,United Kingdom,United Kingdom,English,DATA_EXPIRED,DATA_EXPIRED
667eb5cde8e4bc2326e6e43d,5eb7dec5245b8670ff3536f2,APPROVED,Not Applicable,2024-06-28T13:08:29.757000Z,2024-06-28T14:08:37.583000Z,2024-07-09T20:12:46.653000Z,2024-06-28T14:08:38.503686Z,3608.0,CLA1QC0Z,1561,33,Male,White,United Kingdom,United Kingdom,United Kingdom,English,DATA_EXPIRED,DATA_EXPIRED
667eb74507072e7a45ce84bf,6384cfc62b6bf7a232ade8cb,APPROVED,Not Applicable,2024-06-28T13:14:45.415000Z,2024-06-28T14:41:46.221000Z,2024-07-09T20:12:47.393000Z,2024-06-28T14:42:18.225369Z,5221.0,CLA1QC0Z,1009,44,Male,Black,Nigeria,United Kingdom,Nigeria,English,No,Full-Time
667eb92b1f6cae35b64f8906,6662fad2c34b3fe1216951ae,APPROVED,Not Applicable,2024-06-28T13:22:51.149000Z,2024-06-28T14:18:44.414000Z,2024-07-09T20:13:08.972000Z,2024-06-28T21:40:14.702406Z,3354.0,CLA1QC0Z,59,22,Female,Black,Nigeria,United Kingdom,Nigeria,English,Yes,Part-Time
667ebed8992d22407b7d799a,5f0f7fe1d7ad1c000b42d091,RETURNED,Not Applicable,2024-06-28T13:47:43.095000Z,2024-06-28T13:49:27.121000Z,,2024-07-01T13:12:13.138956Z,,CL1SO3F4,2527,CONSENT_REVOKED,CONSENT_REVOKED,CONSENT_REVOKED,CONSENT_REVOKED,CONSENT_REVOKED,CONSENT_REVOKED,CONSENT_REVOKED,CONSENT_REVOKED,CONSENT_REVOKED
667ebf6759397d9a3ca8b34a,63d79fcd741f9cfb2f87152f,APPROVED,Not Applicable,2024-06-28T13:49:36.966000Z,2024-06-28T14:17:44.283000Z,2024-07-09T20:12:47.941000Z,2024-06-28T14:17:46.539113Z,1688.0,CLA1QC0Z,1861,48,Male,Black,Nigeria,United Kingdom,United Kingdom,English,No,Other
667ec1ef4552ebda2bf8651a,65636b8039e7d18bb07ff7b9,APPROVED,Not Applicable,2024-06-28T14:00:24.267000Z,2024-06-28T14:55:11.958000Z,2024-07-09T20:12:48.537000Z,2024-06-28T14:55:12.822915Z,3288.0,CLA1QC0Z,693,33,Male,Black,United States,United States,United States,English,No,Full-Time
667ec3e862f6c82ab6a9fbec,587625efdb3e720001e233fb,APPROVED,Not Applicable,2024-06-28T14:08:55.907000Z,2024-06-28T14:43:21.084000Z,2024-07-09T20:12:49.195000Z,2024-06-28T14:44:17.714618Z,2066.0,CLA1QC0Z,265,32,Male,White,United Kingdom,United Kingdom,United Kingdom,English,No,Unemployed (and job seeking)
667ec608676fc703ae7fbe6a,657b31d3363aace295f9106e,APPROVED,Not Applicable,2024-06-28T14:17:44.430000Z,2024-06-28T15:00:01.983000Z,2024-07-09T20:12:49.835000Z,2024-06-28T15:00:32.098823Z,2538.0,CLA1QC0Z,297,19,Male,White,United Kingdom,United Kingdom,United Kingdom,English,No,Unemployed (and job seeking)
667ec644166cb278c8d26981,61731c0ef27028acbfbbf972,APPROVED,Not Applicable,2024-06-28T14:18:44.438000Z,2024-06-28T15:00:22.885000Z,2024-07-09T20:12:50.508000Z,2024-06-28T15:00:51.760574Z,2499.0,CLA1QC0Z,5312,26,Male,Black,United States,United States,United States,English,DATA_EXPIRED,DATA_EXPIRED
667ecbaa8daecef5c8b744b8,6648bbe07ce3040731739926,APPROVED,Not Applicable,2024-06-28T14:41:46.512000Z,2024-06-28T16:03:52.407000Z,2024-07-09T20:12:51.134000Z,2024-06-28T16:04:20.481587Z,4926.0,CLA1QC0Z,92,20,Male,Black,Nigeria,United Kingdom,United Kingdom,English,DATA_EXPIRED,DATA_EXPIRED
667ecc0a48335cb6bc66aa41,6543f753696f612571ac356c,APPROVED,Not Applicable,2024-06-28T14:43:29.721000Z,2024-06-28T15:16:41.681000Z,2024-07-09T20:13:09.621000Z,2024-06-28T15:16:44.429461Z,1992.0,CLA1QC0Z,1336,53,Female,White,United States,United States,United States,English,DATA_EXPIRED,Part-Time
667eced328ae67a6c0fa478a,64f3036a5b5f2feae0b1f51b,RETURNED,Not Applicable,2024-06-28T14:56:22.732000Z,,,2024-07-01T13:12:13.142347Z,,,590,CONSENT_REVOKED,CONSENT_REVOKED,CONSENT_REVOKED,CONSENT_REVOKED,CONSENT_REVOKED,CONSENT_REVOKED,CONSENT_REVOKED,CONSENT_REVOKED,CONSENT_REVOKED
667ecff26ddaa762074dc037,666ec27a69608063b3316839,APPROVED,Not Applicable,2024-06-28T15:00:01.988000Z,2024-06-28T15:26:19.594000Z,2024-07-09T20:13:10.269000Z,2024-06-28T15:26:55.208134Z,1578.0,CLA1QC0Z,110,22,Female,Mixed,Ghana,United States,United States,English,Yes,Part-Time
667ed0073697ee3c2bdb7b71,655fd989a5ef07b413f74e24,APPROVED,Not Applicable,2024-06-28T15:00:22.958000Z,2024-06-28T15:58:39.321000Z,2024-07-09T20:13:10.937000Z,2024-06-28T15:58:54.749285Z,3497.0,CLA1QC0Z,747,71,Female,Black,United States,United States,United States,English,No,Full-Time
667ed1d661191661ba65ab56,666d914c8a386185e18db071,RETURNED,Not Applicable,2024-06-28T15:11:36.573000Z,,,2024-07-01T13:12:13.145834Z,,,21,CONSENT_REVOKED,CONSENT_REVOKED,CONSENT_REVOKED,CONSENT_REVOKED,CONSENT_REVOKED,CONSENT_REVOKED,CONSENT_REVOKED,CONSENT_REVOKED,CONSENT_REVOKED
667ed3daacfbbf9063dbfe62,63fc721b7b73b5da09e9e8b6,APPROVED,Not Applicable,2024-06-28T15:16:41.939000Z,2024-06-28T16:34:43.619000Z,2024-07-09T20:13:11.652000Z,2024-06-28T16:34:48.091319Z,4682.0,CLA1QC0Z,2099,58,Female,Black,United States,United States,United States,English,DATA_EXPIRED,DATA_EXPIRED
667ed61c9a841b2d5a759f80,66290a1deb25bf69bcd79eaf,APPROVED,Not Applicable,2024-06-28T15:26:20.600000Z,2024-06-28T15:55:08.463000Z,2024-07-09T20:13:12.454000Z,2024-06-28T15:55:09.505249Z,1728.0,CLA1QC0Z,192,40,Female,Mixed,United States,United States,United States,English,No,Full-Time
667eda79675f1eb5a9162b34,66635b2c886ff2dbf3001313,APPROVED,Not Applicable,2024-06-28T15:47:15.165000Z,2024-06-28T16:32:20.811000Z,2024-07-09T20:13:13.126000Z,2024-06-28T16:32:21.830573Z,2706.0,CLA1QC0Z,53,38,Female,White,United Kingdom,United Kingdom,United Kingdom,English,No,Full-Time
667edcdcdcd2195798a7c9a1,65dcca0d187f1e33aa00fca1,APPROVED,Not Applicable,2024-06-28T15:55:18.565000Z,2024-06-28T16:26:58.798000Z,2024-07-09T20:13:13.715000Z,2024-06-28T16:28:32.685186Z,1901.0,CLA1QC0Z,1087,41,Female,Black,Nigeria,United States,United States,English,Yes,Full-Time
667eddaf88eda330239b88d4,66095082185479f7db42d782,APPROVED,Not Applicable,2024-06-28T15:58:48.378000Z,2024-06-28T16:30:59.126000Z,2024-07-09T20:13:14.338000Z,2024-06-28T22:19:35.381340Z,1931.0,CLA1QC0Z,208,27,Female,White,United Kingdom,United Kingdom,United Kingdom,English,No,Full-Time
667edeec7bc348953368115f,664f93e4c7e69684f40afe5f,APPROVED,Not Applicable,2024-06-28T16:04:04.997000Z,2024-06-28T16:29:24.707000Z,2024-07-09T20:13:14.883000Z,2024-06-28T16:29:25.547053Z,1520.0,CLA1QC0Z,269,34,Female,Black,United States,United States,United States,English,No,Unemployed (and job seeking)
667ee453ea10e6cc47f56315,615dbec57d764bf5ab0a56e5,APPROVED,Not Applicable,2024-06-28T16:27:08.420000Z,2024-06-28T16:55:35.576000Z,2024-07-09T20:13:15.962000Z,2024-06-28T16:55:36.780243Z,1708.0,CLA1QC0Z,5272,40,Female,White,United States,United States,United States,English,No,Full-Time
667ee4e9b45bf1f0928faaeb,66085bc92a6ae345cb453ae5,APPROVED,Not Applicable,2024-06-28T16:29:35.440000Z,2024-06-28T16:51:15.185000Z,2024-07-09T20:13:16.576000Z,2024-06-28T16:51:21.626428Z,1300.0,CLA1QC0Z,213,31,Female,White,United Kingdom,United Kingdom,United Kingdom,English,No,Full-Time
668579b63ae2dde1d55c22e4,62a33c58458abb2f4c3d4e27,APPROVED,Not Applicable,2024-07-03T16:18:13.257000Z,2024-07-03T16:31:26.704000Z,2024-07-09T20:12:51.943000Z,2024-07-03T16:31:30.573257Z,794.0,CLA1QC0Z,549,33,Male,White,United Kingdom,United Kingdom,United Kingdom,English,No,DATA_EXPIRED
66857aceac003a7759890c33,6660e4297e25aba66f99f363,APPROVED,Not Applicable,2024-07-03T16:22:45.550000Z,2024-07-03T16:52:16.043000Z,2024-07-09T20:12:52.605000Z,2024-07-03T16:53:26.627734Z,1771.0,CLA1QC0Z,1,21,Male,White,United Kingdom,United Kingdom,United Kingdom,English,Yes,Part-Time
66857b227aef1cd11973181d,662951982cfaed6dcef5216b,APPROVED,Not Applicable,2024-07-03T16:24:11.134000Z,2024-07-03T16:48:17.535000Z,2024-07-09T20:13:17.593000Z,2024-07-03T16:48:48.113915Z,1447.0,CLA1QC0Z,54,50,Female,White,United States,United States,United States,English,No,Full-Time
66857b41eea6168125f444cb,5f406d28899a9b1a9ddd609a,APPROVED,Not Applicable,2024-07-03T16:24:39.238000Z,2024-07-03T17:00:56.136000Z,2024-07-09T20:13:18.439000Z,2024-07-03T17:00:56.950856Z,2177.0,CLA1QC0Z,2107,44,Female,Mixed,Korea,United States,United States,English,DATA_EXPIRED,DATA_EXPIRED
66857c0fcf19262b3b13c2a0,5b44a4d396bc8a0001a9c4db,APPROVED,Not Applicable,2024-07-03T16:28:05.420000Z,2024-07-03T16:52:31.342000Z,2024-07-09T20:12:53.214000Z,2024-07-03T16:53:32.178959Z,1466.0,CLA1QC0Z,797,25,Male,White,United Kingdom,United Kingdom,United Kingdom,English,DATA_EXPIRED,DATA_EXPIRED
66857d1083e060274844dd84,66855636d1a116758b2a9f8f,APPROVED,Not Applicable,2024-07-03T16:33:19.303000Z,2024-07-03T17:04:38.385000Z,2024-07-09T20:13:18.948000Z,2024-07-03T17:07:19.449300Z,1880.0,CLA1QC0Z,3,26,Female,Black,Nigeria,United Kingdom,Nigeria,English,Yes,DATA_EXPIRED
668581043b7b1a1214b82c1a,665fdbc8f864a0981f7704c4,APPROVED,Not Applicable,2024-07-03T16:49:14.838000Z,2024-07-03T17:18:53.708000Z,2024-07-09T20:13:19.513000Z,2024-07-03T17:20:12.632266Z,1779.0,CLA1QC0Z,11,47,Female,Other,United States,United States,United States,English,No,"Not in paid work (e.g. homemaker', 'retired or disabled)"
668581cdc761b1d99a660c25,667d830e9e1e7680a3ee9048,APPROVED,Not Applicable,2024-07-03T16:52:38.898000Z,2024-07-03T17:08:01.430000Z,2024-07-09T20:12:53.790000Z,2024-07-03T17:09:54.473157Z,923.0,CLA1QC0Z,8,31,Male,Asian,United Kingdom,United Kingdom,United Kingdom,English,No,Full-Time
668581dcf7f1d085a469e13a,662272066013abcabf380845,APPROVED,Not Applicable,2024-07-03T16:52:51.089000Z,2024-07-03T17:25:13.328000Z,2024-07-09T20:12:54.386000Z,2024-07-03T17:25:14.458453Z,1943.0,CLA1QC0Z,82,27,Male,White,United States,United States,United States,English,No,Part-Time
668583d81b707393434f174e,5e9fd9d1ae42fb18d841f570,APPROVED,Not Applicable,2024-07-03T17:01:17.721000Z,2024-07-03T17:25:52.951000Z,2024-07-09T20:13:20.154000Z,2024-07-03T17:25:53.811388Z,1476.0,CLA1QC0Z,292,28,Female,White,United Kingdom,United Kingdom,United Kingdom,English,No,Full-Time
668584ad91114ade1b630956,6660b37f71ac2c9fc8b37888,APPROVED,Not Applicable,2024-07-03T17:04:59.328000Z,2024-07-03T17:42:26.459000Z,2024-07-09T20:13:20.714000Z,2024-07-03T17:42:27.531467Z,2248.0,CLA1QC0Z,26,25,Female,Mixed,United Kingdom,United Kingdom,United Kingdom,English,No,Full-Time
6685857afbd787de3b2490b1,6658b9612faf93a372286472,APPROVED,Not Applicable,2024-07-03T17:08:22.464000Z,2024-07-03T17:33:02.486000Z,2024-07-09T20:13:21.462000Z,2024-07-03T17:33:03.239093Z,1481.0,CLA1QC0Z,37,43,Female,White,United Kingdom,United Kingdom,United Kingdom,English,No,DATA_EXPIRED
6685880ac13069ee2dc7511a,62a1979157e5b6c9a24af760,RETURNED,Not Applicable,2024-07-03T17:19:27.249000Z,,,2024-07-04T09:36:29.529648Z,,,913,CONSENT_REVOKED,CONSENT_REVOKED,CONSENT_REVOKED,CONSENT_REVOKED,CONSENT_REVOKED,CONSENT_REVOKED,CONSENT_REVOKED,CONSENT_REVOKED,CONSENT_REVOKED
668589830c13b4048f98ea6c,5db48848cbe43e000c3c6c2d,APPROVED,Not Applicable,2024-07-03T17:25:30.030000Z,2024-07-03T17:48:52.768000Z,2024-07-09T20:13:22.033000Z,2024-07-03T17:49:36.788896Z,1403.0,CLA1QC0Z,1924,46,Female,White,United Kingdom,United Kingdom,United Kingdom,English,DATA_EXPIRED,DATA_EXPIRED
668589a0af6e86ecd7ae843c,66756d13b80d2b6800ffe9fe,APPROVED,Not Applicable,2024-07-03T17:25:52.986000Z,2024-07-03T17:49:18.074000Z,2024-07-09T20:13:22.559000Z,2024-07-03T17:49:46.986503Z,1406.0,CLA1QC0Z,18,22,Female,White,United Kingdom,United Kingdom,United Kingdom,English,Yes,Part-Time
66858b5628a8784bdb54d0ba,6671e8e8a6ac1703f3c08e3a,APPROVED,Not Applicable,2024-07-03T17:34:26.151000Z,2024-07-03T18:30:28.344000Z,2024-07-09T20:12:54.936000Z,2024-07-03T18:31:34.052988Z,3363.0,CLA1QC0Z,16,38,Male,White,United Kingdom,United Kingdom,United Kingdom,English,No,Full-Time
66858c5ce0095b5af2c22c36,5c92f797803bff0017fef8dd,RETURNED,Not Applicable,2024-07-03T17:47:32.948000Z,,,2024-07-04T09:36:29.533352Z,,,1777,CONSENT_REVOKED,CONSENT_REVOKED,CONSENT_REVOKED,CONSENT_REVOKED,CONSENT_REVOKED,CONSENT_REVOKED,CONSENT_REVOKED,CONSENT_REVOKED,CONSENT_REVOKED
66858c810b2e03a894cc0ed0,600f46f6c513db11698a960d,APPROVED,Not Applicable,2024-07-03T17:38:09.242000Z,2024-07-03T18:27:54.179000Z,2024-07-09T20:12:55.477000Z,2024-07-03T18:30:41.770296Z,2985.0,CLA1QC0Z,1754,45,Male,White,United States,United Kingdom,United Kingdom,English,Yes,Full-Time
66858d858135c2b50ad6de6a,58bef6fd31de840001e84ba0,RETURNED,Not Applicable,2024-07-03T17:42:37.239000Z,,,2024-07-04T09:36:29.535619Z,,,1179,CONSENT_REVOKED,CONSENT_REVOKED,CONSENT_REVOKED,CONSENT_REVOKED,CONSENT_REVOKED,CONSENT_REVOKED,CONSENT_REVOKED,CONSENT_REVOKED,CONSENT_REVOKED
66858f0a9f73fd89c9fbbbb4,57acc170c6bab4000172a42e,APPROVED,Not Applicable,2024-07-03T17:49:03.811000Z,2024-07-03T18:24:29.577000Z,2024-07-09T20:13:23.179000Z,2024-07-03T18:24:30.909352Z,2126.0,CLA1QC0Z,1816,32,Female,White,United Kingdom,United Kingdom,United Kingdom,English,DATA_EXPIRED,DATA_EXPIRED
66858f1e562f091b64b82f82,667ecbd6c61496146c2bd096,APPROVED,Not Applicable,2024-07-03T17:49:18.080000Z,2024-07-03T18:42:40.796000Z,2024-07-09T20:12:56.095000Z,2024-07-03T18:42:50.731120Z,3203.0,CLA1QC0Z,11,23,Male,Black,Nigeria,United Kingdom,Nigeria,English,No,Full-Time
6685975e70a80b6f72eea8cf,664147129d5f7bb039e30f0b,APPROVED,Not Applicable,2024-07-03T18:24:30.763000Z,2024-07-03T19:15:47.257000Z,2024-07-09T20:12:56.738000Z,2024-07-03T19:15:50.551275Z,3077.0,CLA1QC0Z,103,29,Male,Black,United Kingdom,United Kingdom,United Kingdom,English,DATA_EXPIRED,Full-Time
668597b7acfe407bcd674f92,5c2b80f371d2760001eff037,RETURNED,Not Applicable,2024-07-03T18:36:00.126000Z,,,2024-07-04T09:36:29.537494Z,,,2235,CONSENT_REVOKED,CONSENT_REVOKED,CONSENT_REVOKED,CONSENT_REVOKED,CONSENT_REVOKED,CONSENT_REVOKED,CONSENT_REVOKED,CONSENT_REVOKED,CONSENT_REVOKED
6685982ae320c37cbc719f4c,6658b6cbe945182d30f9f835,APPROVED,Not Applicable,2024-07-03T18:27:54.267000Z,2024-07-03T19:08:12.875000Z,2024-07-09T20:13:23.772000Z,2024-07-03T19:10:09.388855Z,2419.0,CLA1QC0Z,62,39,Female,White,United Kingdom,United Kingdom,United Kingdom,English,No,Unemployed (and job seeking)
668598c471c4d53b1862e5b2,6664b8146408ebc8a3d7ea6e,APPROVED,Not Applicable,2024-07-03T18:30:32.548000Z,2024-07-03T19:20:58.952000Z,2024-07-09T20:13:24.351000Z,2024-07-03T19:21:43.720475Z,3027.0,CLA1QC0Z,132,31,Female,White,DATA_EXPIRED,United States,United States,English,DATA_EXPIRED,DATA_EXPIRED
66859a165f71057fe75465dc,5e1b2b3e4a955b350b1e0a63,APPROVED,Not Applicable,2024-07-03T18:36:18.797000Z,2024-07-03T19:09:06.081000Z,2024-07-09T20:12:57.573000Z,2024-07-03T19:10:19.880506Z,1968.0,CLA1QC0Z,2887,35,Male,White,United Kingdom,United Kingdom,United Kingdom,English,No,Full-Time
66859ba21b707393434f1d04,6346d43493a4f14e735bc630,APPROVED,Not Applicable,2024-07-03T18:43:46.541000Z,2024-07-03T19:38:18.010000Z,2024-07-09T20:12:58.618000Z,2024-07-03T19:39:56.527124Z,3272.0,CLA1QC0Z,1583,34,Male,Black,Nigeria,United Kingdom,Nigeria,English,No,Full-Time
6685a1a17e3c591c64855de7,666cad20b467bfec0cc373a9,APPROVED,Not Applicable,2024-07-03T19:08:27.972000Z,2024-07-03T19:23:20.229000Z,2024-07-09T20:13:25.033000Z,2024-07-03T19:23:21.482024Z,893.0,CLA1QC0Z,86,29,Female,White,United States,United States,United States,English,No,"Not in paid work (e.g. homemaker', 'retired or disabled)"
6685a1d200fa140385fc6a7e,5f653cb18aad310a9ee7c32d,APPROVED,Not Applicable,2024-07-03T19:10:04.373000Z,2024-07-03T19:35:31.967000Z,2024-07-09T20:13:25.695000Z,2024-07-03T19:35:32.819578Z,1528.0,CLA1QC0Z,1474,32,Female,White,United Kingdom,United Kingdom,United Kingdom,English,Yes,DATA_EXPIRED
6685a3633f51acad6d5a39ab,66693008c3f1d46f57764f23,APPROVED,Not Applicable,2024-07-03T19:15:47.285000Z,2024-07-03T20:01:36.440000Z,2024-07-09T20:12:59.217000Z,2024-07-03T20:03:11.748555Z,2750.0,CLA1QC0Z,43,37,Male,Black,Nigeria,United Kingdom,Nigeria,English,No,Full-Time
6685a49b4867e23f8c061673,66622585cbd0992fc407a616,APPROVED,Not Applicable,2024-07-03T19:20:58.935000Z,2024-07-03T19:58:06.739000Z,2024-07-09T20:13:26.322000Z,2024-07-03T20:01:09.413368Z,2228.0,CLA1QC0Z,26,30,Female,Black,United Kingdom,United Kingdom,Nigeria,English,No,Full-Time
6685a49b60e968788010603f,6648e467d3461748e5d04527,APPROVED,Not Applicable,2024-07-03T19:20:58.977000Z,2024-07-03T19:56:46.889000Z,2024-07-09T20:12:59.895000Z,2024-07-03T19:56:49.351794Z,2148.0,CLA1QC0Z,86,27,Male,Black,Nigeria,United Kingdom,Nigeria,English,Yes,Full-Time
6685a8047123975c07f843b2,5f480ae988eb7429641eae29,APPROVED,Not Applicable,2024-07-03T19:35:32.322000Z,2024-07-03T20:06:42.935000Z,2024-07-09T20:13:00.486000Z,2024-07-03T20:06:43.814237Z,1871.0,CLA1QC0Z,823,26,Male,White,United Kingdom,United Kingdom,United Kingdom,English,Yes,Full-Time
6685a8aab841df6b2764aa43,664ef209ea868d811acb6a97,APPROVED,Not Applicable,2024-07-03T19:38:18.037000Z,2024-07-03T20:46:07.744000Z,2024-07-09T20:13:27.355000Z,2024-07-03T20:46:08.754337Z,4070.0,CLA1QC0Z,161,49,Female,Mixed,Ghana,United States,United States,English,DATA_EXPIRED,Full-Time
6685acfe0c89a81ffac75751,6678a880e2ce2ba0e38b0d17,APPROVED,Not Applicable,2024-07-03T19:56:46.885000Z,2024-07-03T20:20:50.810000Z,2024-07-09T20:13:01.094000Z,2024-07-03T20:24:16.665620Z,1444.0,CLA1QC0Z,65,22,Male,Black,Nigeria,United States,Nigeria,English,DATA_EXPIRED,Full-Time
6685ad4e79f67717418bb814,63fbf0e3b18cc14adc0dbfb6,APPROVED,Not Applicable,2024-07-03T19:58:06.822000Z,2024-07-03T21:21:27.479000Z,2024-07-09T20:13:01.853000Z,2024-07-03T21:21:46.732949Z,5001.0,CLA1QC0Z,1178,54,Male,White,United Kingdom,United Kingdom,United Kingdom,English,No,Full-Time
6685ae21b518a3e253677fa4,666ca2fe5a95309bf9764684,APPROVED,Not Applicable,2024-07-03T20:01:37.261000Z,2024-07-03T21:12:52.022000Z,2024-07-09T20:13:28.269000Z,2024-07-03T21:13:46.147580Z,4275.0,CLA1QC0Z,34,31,Female,Black,Nigeria,United Kingdom,Nigeria,English,No,Full-Time
6685af5342fe26c88b4398da,5e4c0ba01ae5a4000b539387,APPROVED,Not Applicable,2024-07-03T20:06:43.182000Z,2024-07-03T20:46:03.563000Z,2024-07-09T20:13:02.472000Z,2024-07-03T20:46:04.448882Z,2361.0,CLA1QC0Z,1687,39,Male,White,United States,United States,United States,English,DATA_EXPIRED,Full-Time
6685b2a2866906950f249980,6676960285aeb8e3899cb504,APPROVED,Not Applicable,2024-07-03T20:20:50.918000Z,2024-07-03T21:02:33.492000Z,2024-07-09T20:13:03.163000Z,2024-07-03T21:03:07.569091Z,2503.0,CLA1QC0Z,32,40,Male,Black,Nigeria,United Kingdom,Nigeria,English,No,Full-Time
668685a11d53cb95fc38fccf,664a6dd3d6a1a1eceb3f25cd,APPROVED,Not Applicable,2024-07-04T11:21:23.606000Z,2024-07-04T11:51:18.072000Z,2024-07-09T20:13:29.035000Z,2024-07-04T11:52:34.991539Z,1795.0,CLA1QC0Z,3,42,Female,White,United States,United States,United States,English,No,Part-Time
6686860c3c9f96a9154b023e,5bc8f5d8cfbeca0001960de6,APPROVED,Not Applicable,2024-07-04T11:22:57.767000Z,2024-07-04T11:39:06.129000Z,2024-07-09T20:13:03.785000Z,2024-07-04T11:39:07.688417Z,969.0,CLA1QC0Z,4,31,Male,White,United Kingdom,United Kingdom,United Kingdom,English,No,Full-Time
6686866688188749b89f0174,667b3fef6a98e28923e71e2d,APPROVED,Not Applicable,2024-07-04T11:24:29.808000Z,2024-07-04T11:50:45.406000Z,2024-07-09T20:13:29.681000Z,2024-07-04T11:52:32.170938Z,1576.0,CLA1QC0Z,3,32,Female,White,United Kingdom,United Kingdom,United Kingdom,English,No,Full-Time
668686ae03004c59b516ccb4,6009eba65e37d60a66340712,APPROVED,Not Applicable,2024-07-04T11:25:44.098000Z,2024-07-04T11:50:29.764000Z,2024-07-09T20:13:30.347000Z,2024-07-04T11:50:30.564416Z,1486.0,CLA1QC0Z,254,30,Female,White,Ireland,United Kingdom,Ireland,English,DATA_EXPIRED,DATA_EXPIRED
6686874700d40b819981d945,66819efa3e80db17925351df,APPROVED,Not Applicable,2024-07-04T11:28:15.301000Z,2024-07-04T12:19:10.166000Z,2024-07-09T20:13:04.598000Z,2024-07-04T12:19:11.352345Z,3055.0,CLA1QC0Z,2,27,Male,Black,United Kingdom,United Kingdom,Nigeria,English,DATA_EXPIRED,Full-Time
66869bdd4636c4983754a241,665a086659c5d96abbd29687,APPROVED,Not Applicable,2024-07-04T12:56:02.534000Z,2024-07-04T13:30:52.965000Z,2024-07-09T20:13:31.031000Z,2024-07-04T13:30:58.390623Z,2091.0,CLA1QC0Z,5,29,Female,Asian,United Kingdom,United Kingdom,United Kingdom,English,No,DATA_EXPIRED
66869c320b4fd104eb658d7a,664ef58c64806607e27e86b6,APPROVED,Not Applicable,2024-07-04T13:00:52.951000Z,2024-07-04T13:51:04.196000Z,2024-07-09T20:13:05.340000Z,2024-07-04T13:51:06.549506Z,3012.0,CLA1QC0Z,7,73,Male,White,United Kingdom,United Kingdom,United Kingdom,English,DATA_EXPIRED,"Not in paid work (e.g. homemaker', 'retired or disabled)"
66869e45a1ba6f28ec96fa31,66144bf817ba5f6a3fac2ec5,APPROVED,Not Applicable,2024-07-04T13:06:19.217000Z,2024-07-04T13:48:34.063000Z,2024-07-09T20:13:06.035000Z,2024-07-04T13:48:35.491534Z,2535.0,CLA1QC0Z,13,33,Male,Black,United Kingdom,United Kingdom,United Kingdom,English,No,DATA_EXPIRED
